﻿<?xml version="1.0" encoding="utf-8"?>
<resources>
  <declare-styleable name="calendar_cell">
    <attr name="state_selectable" format="boolean" />
    <attr name="state_current_month" format="boolean" />
    <attr name="state_today" format="boolean" />
    <attr name="state_range_first" format="boolean" />
    <attr name="state_range_middle" format="boolean" />
    <attr name="state_range_last" format="boolean" />
    <attr name="state_highlighted" format="boolean" />
  </declare-styleable>
</resources>